Date,Post Type,Priority %,Caption,Hashtags,Visual Concept,Domain Relevance,Competitive Benchmark,Strategic Advantage
Day 1,Brand Intro,20%,"Brand Introduction
We're thrilled to introduce GreenGlow - where sustainable skincare meets real results. Our mission is simple: create effective products that respect both your skin and the planet. Every ingredient is carefully selected for its natural benefits and eco-friendly footprint. Swipe left to explore what makes our formulations different from conventional skincare. Welcome to the future of beauty that truly cares. üåø #GreenGlow #CleanBeautyRevolution",#GreenGlow #EcoSkincare #CleanBeauty,Minimalist flat lay with products,Brand Awareness,1. The Ordinary (Clinical-style branding) 2. Youth to the People (Superfood focus) 3. Biossance (Biotech angle),GreenGlow combines clinical efficacy (like The Ordinary) with sustainability (beyond Biossance) at accessible pricing
Day 2,Educational,20%,"Skin Absorption Facts
Did you know your skin absorbs up to 60% of what you apply? This startling fact is why we formulate with only 100% organic active ingredients. While many brands compromise with synthetic fillers, we believe every component should nourish your skin. Our clinical studies show organic actives penetrate deeper and work more harmoniously with your skin's natural biology. Your complexion deserves this level of purity. #ScienceBackedSkincare #OrganicBeauty",#SkincareScience #DermApproved,Animated skin layer diagram,Thought Leadership,"1. Paula's Choice (In-depth ingredient guides) 2. Drunk Elephant (Simplified ""clean"" messaging) 3. CeraVe (Dermatologist-backed basics)",We bridge scientific depth (Paula's Choice) with Instagram-friendly visuals (unlike CeraVe)
Day 3,User-Gen,20%,"Customer Transformation
Meet Sarah (@HappyCustomer), whose 8-week journey with GreenGlow transformed her skin. ""I never believed my rosacea could improve this much,"" she shares. The before-and-after photos tell the story - reduced redness, improved texture, and that coveted healthy glow. Real people, real results - no filters, no exaggerations. Tag someone who needs to see what clean skincare can do! #GlowUpJourney #ResultsYouCanSee",#GlowUpJourney,Side-by-side progress photos,Social Proof,1. Glossier (UGC-heavy feed) 2. Fenty Skin (Celebrity-driven content) 3. Bubble (Gen-Z focused reposts),"We incentivize UGC with sustainability missions (unpaid, unlike Fenty) while maintaining premium aesthetics (unlike Bubble)"
Day 4,Behind-Scenes,15%,"Sustainable Packaging
Behind every GreenGlow order is a team carefully hand-packing your products in 100% plant-based materials. Unlike automated warehouses, our small team ensures each package meets our sustainability standards. From mushroom-based cushioning to seaweed-derived tape, we've reimagined every element. This is sustainability in action - not just a buzzword, but our daily practice.",#EthicalBrand,Team packaging video snippet,Brand Trust,1. Lush (Handmade storytelling) 2. Farmacy (Farm-to-face narrative) 3. Tata Harper (Luxury farm footage),We show urban sustainability (unlike farm-based brands) with relatable small-team dynamics (unlike corporate Tata Harper)
Day 5,Industry News,15%,"Industry Regulation Update
Breaking news: The EU has banned 12 toxic beauty ingredients still found in many skincare products. At GreenGlow, we've avoided these chemicals since day one. This regulation validates our strict ""no compromise"" ingredient policy. While others reformulate, we continue leading with formulas that were always clean. Your safety isn't trending - it's our foundation. #CleanBeautyStandard",#RegulationUpdate,News graphic with logo,Industry Authority,1. Beautycounter (Regulatory activism) 2. Credo (Retailer perspective) 3. Cocokind (Budget-conscious updates),We react faster (within 24hrs vs Credo's 3-day delay) with product-specific relevance (unlike Beautycounter's general alerts)
Day 6,Engagement,10%,"Community Engagement
We want to hear from you! What's your biggest skincare challenge? Whether it's dryness, acne, or finding time for self-care, share your struggle in the comments. Our skincare experts will respond to every comment, and we're selecting three participants for free virtual consultations. Let's solve these problems together! #SkincareCommunity #AskTheExperts",#SkincareCommunity,Text carousel with prompts,Community Building,1. Starface (Playful polls) 2. Hero Cosmetics (Acne-focused Q&A) 3. Versed (Wellness quizzes),We tie engagement to expert consultations (unlike Starface's fun-only approach) while being category-inclusive (unlike Hero's acne niche)
Day 7,Promotional,20%,"Product Restock Alert
Attention glow-getters: Our cult-favorite Vitamin C Serum is back in stock - now with upgraded biodegradable packaging! This antioxidant powerhouse brightens while being gentle enough for sensitive skin. Limited quantities available due to our small-batch production. Tag a friend who needs this in their routine! ‚è≥ #VitaminCBoost #EcoLuxury",#MustHave,Product hero shot,Conversion,1. Drunk Elephant (Limited-edition drops) 2. Summer Fridays (VIP early access) 3. Krave Beauty (Restock alerts),We emphasize packaging upgrades (unlike DE) and bundle educational content (unlike Summer Fridays' exclusivity focus)
Day 8,Educational,20%,"Skincare Education
Hydration vs. Moisture - do you know the difference? Many products promise both, but understanding this distinction is key to solving your skin concerns. Hydrators like hyaluronic acid attract water to skin cells, while moisturizers like plant butters seal it in. Swipe for our complete guide to balancing both for your perfect glow. #SkincareScience #HealthySkinBarrier",#Skincare101,Comparison infographic,Education,1. Inkey List (Skincare dictionary) 2. Naturium (Hybrid drugstore/luxury) 3. Good Molecules (Affordable science),We simplify complex topics better than Inkey List with more premium visuals than Good Molecules
Day 9,User-Gen,20%,"User-Generated Content
Our favorite part of each day? Seeing how you incorporate GreenGlow into your routines! From busy moms keeping it simple to skincare enthusiasts with 10-step rituals, every approach inspires us. Keep tagging #MyGreenRoutine - we might feature you next! üå± Your real experiences help others discover what might work for them. #SkincareCommunity #ShareYourGlow",#MyGreenRoutine,Customer collage,Engagement,1. Glow Recipe (Aesthetic-focused UGC) 2. Topicals (Problem-solution stories) 3. Peach & Lily (K-beauty fans),We curate diverse age representation (unlike Glow Recipe's Gen-Z focus) with clinical results (unlike Topicals' emotional storytelling)
Day 10,Behind-Scenes,15%,"Quality Control
Purity isn't just a claim - it's a process. Each GreenGlow batch undergoes rigorous testing in our micro-lab before reaching you. We check for stability, microbial safety, and ingredient potency. This extra step means you receive products performing at their peak effectiveness. Quality you can see, feel, and trust. #LabToShelf #SkincareSafety",#ScienceMeetsNature,Lab equipment close-ups,Transparency,1. Aesop (Artistic lab footage) 2. Necessaire (Gender-neutral workplace) 3. Ren Clean (Zero-waste facility tours),We show urban micro-facilities (unlike Ren's large plants) with gender-inclusive teams (like Necessaire but with skincare specialization)
Day 11,Industry News,15%,"Industry Trends
The 2024 Global Beauty Report reveals 78% of consumers now prioritize sustainable brands - a 22% increase from last year! At GreenGlow, we've seen this shift firsthand through your thoughtful purchasing choices. Together, we're proving ethics and efficacy aren't mutually exclusive in skincare. The future is green, and it's beautiful. #ConsciousConsumerism #BeautyWithPurpose",#IndustryTrends,Report highlight graphic,Thought Leadership,1. Beautycounter (Policy change alerts) 2. Ilia (Celebrity trend hops) 3. Supergoop! (Sun care legislation),We connect news to product formulations (unlike Ilia's celeb focus) with faster updates than Beautycounter's weekly roundups
Day 12,Engagement,10%,"Product Development
Help shape GreenGlow's future! We're developing three new products and want YOUR vote on which we launch next: 1) Overnight Repair Mask 2) Mineral SPF Tint 3) Cleansing Balm. Comment with your choice or suggest another idea! The most requested option goes into development next month. #YouDecide #SkincareInnovation

",#GreenGlowNext,Poll sticker in Stories,Product Dev,1. Starface (Meme-style polls) 2. Hero Cosmetics (Problem-solving AMAs) 3. Versed (Lifestyle surveys),We link polls to R&D (unlike Starface) while keeping them accessible (unlike Hero's acne-specific focus)
Day 13,Promotional,20%,"Limited-Time Offer
For the next 24 hours only: Get our bestselling Starter Kit PLUS a free Sustainable Skincare Guide (valued at $19). This curated set includes everything needed to begin your clean beauty journey. The guide shares tips for reducing bathroom waste by up to 60%. Hurry - when these sets are gone, they're gone! #EcoStarterKit #SustainableSwaps",#EcoLuxury,Kit flat lay with guide,Conversion,1. Tatcha (Luxury gift sets) 2. First Aid Beauty (Value-size deals) 3. Laneige (Seasonal bundles),We bundle educational content (unlike Tatcha) while avoiding discount-heavy messaging (unlike FAB)
Day 14,Educational,20%,"Routine Education
Your skin has different needs day vs night. Morning products should protect against environmental stressors, while nighttime formulas focus on repair. Our dual Routine System takes the guesswork out - just follow the AM/PM labels. Swipe to see how we designed each product for specific moments in your skin's circadian rhythm. #DayNightRitual #SmartSkincare",#SkincareRoutine,Day/night comparison grid,Education,1. La Roche-Posay (Derm-approved guides) 2. Kiehl's (Heritage storytelling) 3. Vichy (Age-focused advice),We make science Instagram-friendly (unlike LRP's PDFs) with inclusive age messaging (unlike Vichy's 35+ focus)
Day 15,User-Gen,20%,"Expert Endorsement
""After clinically testing GreenGlow's sensitive skin line, I'm impressed by both its efficacy and purity,"" says board-certified dermatologist Dr. Lisa Chen (@SkinExpert). ""The chamomile and oat milk formulation reduces redness without compromising the skin barrier - rare in 'clean' products."" When dermatologists choose us for their own routines, we know we're doing something right. #DermApproved #ClinicalClean",#ExpertApproved,Doctor testimonial video,Credibility,1. Glossier (#GlossierPink hashtag) 2. Rhode Skin (Celebrity reposts) 3. Dieux (Skincare nerds),We feature real results (unlike Rhode's celeb focus) with science-backed captions (unlike Glossier's vibe-only posts)
Day 16,Behind-Scenes,15%,"Founder Story
""Why I left Big Beauty to start GreenGlow"" - Our founder Maya shares her journey from corporate skincare chemist to eco-entrepreneur. ""I grew tired of seeing harmful ingredients approved because they were 'legal' and cheap. There had to be a better way."" This 2-minute video reveals what drives our non-negotiable standards. Your skin deserves this level of care. #FounderFriday #TruthInBeauty",#FounderStory,Founder interview reel,Brand Story,1. Lush (Handmade process) 2. Biossance (Lab coat footage) 3. Drunk Elephant (Founder interviews),We show sustainability struggles (unlike DE's polished stories) with relatable small-team energy (unlike Biossance's corporate vibe)
Day 17,Industry News,15%,"Clinical Research
New clinical data published in the Journal of Organic Dermatology shows organic skincare users experience 42% better long-term results versus conventional products. The study tracked hydration, elasticity, and irritation levels over 18 months. We're proud that GreenGlow's formulas align with this science - effective today, protective for tomorrow. #LongTermGlow #EvidenceBasedBeauty",#ClinicalProof,Study data visualization,Authority,1. Beautycounter (Congressional updates) 2. Cocokind (Price change transparency) 3. Versed (Ingredient spotlights),We link news to existing products (unlike Beautycounter's activism) with faster updates than Cocokind's quarterly reports
Day 18,Engagement,10%,"Community Conversation
Let's get personal - complete this sentence: ""My skin feels best when ______."" Is it after a facial massage? During vacation? When you're hydrated? Share your experiences in the comments! We'll compile the most relatable answers into a skincare wellness guide. Your insight helps our whole community. #SkincareConfessions #SelfCareMoments",#SkincareConfessions,Text-based carousel,Community,1. Starface (Humor-first Qs) 2. Hero Cosmetics (Acne struggles) 3. Bubble (Gen-Z slang prompts),We balance fun and education (unlike Starface) while avoiding niche jargon (unlike Bubble)
Day 19,Promotional,20%,"New Product Launch
Introducing our Reef-Safe Solar Shield SPF 50 - finally, a sunscreen that protects both your skin and ocean ecosystems. Unlike many ""reef-friendly"" claims, we've removed all oxybenzone, octinoxate AND nanoparticles. Plus, it layers beautifully under makeup. Free shipping on all SPF orders this week! üåä #CleanSPF #OceanFriendly",#CleanSPF,Ocean backdrop product shot,New Launch,1. Supergoop! (Sun care urgency) 2. Cay Skin (Celebrity collabs) 3. Black Girl Sunscreen (Inclusive marketing),We highlight reef-safe innovation (unlike Cay's celeb focus) with broader appeal than BGS's niche targeting
Day 20,Educational,20%,"Acne Education
Let's bust acne myths: Stress doesn't cause breakouts (but can worsen them), chocolate isn't the enemy (dairy might be), and toothpaste is NOT a spot treatment. Acne stems from four main factors we'll explain in our story highlights. Knowledge is power against skin struggles. #AcneTruth #SkincareMyths",#AcneTruth,Myth/Fact slideshow,Problem-Solving,1. Paula's Choice (Myth-busting) 2. The Ordinary (Clinical studies) 3. CeraVe (Derm basics),We simplify complex topics better than TO with more engaging visuals than CeraVe's static posts
Day 21,User-Gen,20%,"Customer Appreciation
Reading your reviews is the highlight of our day. ""Game-changer for my eczema."" ""Finally found my holy grail moisturizer."" ""The only brand my sensitive skin tolerates."" These testimonials fuel our mission. Thank you for trusting us with your skincare journeys - we don't take it lightly. Drop a ‚ù§Ô∏è if you've left us a review! #CustomerLove #RealResults",#CustomerLove,Screenshot collage,Social Proof,1. Glow Recipe (Aesthetic shelfies) 2. Fenty (Diverse skin tones) 3. Topicals (Before/after stories),We showcase routine diversity (unlike GR's watermelon focus) with clinical documentation (unlike Fenty's vibe-only posts)
Day 22,Behind-Scenes,15%,"Ingredient Sourcing
This week, our team visited the organic farms supplying GreenGlow's star ingredients. Meeting the growers ensures every botanical meets our ethical and quality standards. Seeing the chamomile fields and aloe vera harvests reminds us: great skincare starts with respect for nature's rhythms. Swipe for a virtual farm tour! #FromTheSource #FarmToFace",#FromTheSource,Farm tour video,Transparency,1. Farmacy (Honey harvesting) 2. Tata Harper (Vermont farm) 3. Necessaire (Gender-neutral team),We urbanize sustainability (unlike farm-based brands) with tighter storytelling than Necessaire's broad focus
Day 23,Industry News,15%,"Industry Recognition
Humbled to be named among @EcoBeautyBlogger's Top 5 Clean Brands of 2024! The review highlighted our ""no greenwashing"" transparency and clinically effective formulas. While awards are nice, what matters most is your satisfaction. Thank you for making this recognition possible. #PressWorthy #CleanBeautyLeader",#PressWorthy,Influencer feature screenshot,Credibility,1. Ilia (Celebrity trend hops) 2. Kosas (Clean makeup crossover) 3. Saie (Viral ingredient spikes),We connect trends to core formulations (unlike Ilia) without diluting brand focus (unlike Kosas' makeup expansion)
Day 24,Engagement,10%,"Charity Initiative
Each month, we donate products to women's shelters and environmental nonprofits. This month, YOU choose which product we donate 100 units of! Vote in our stories: 1) Hydrating Serum 2) Cleansing Oil 3) Recovery Cream. The winning product goes to organizations helping survivors rebuild with confidence. #BeautyThatGivesBack #SocialImpact",#GiveBack,Charity poll in Stories,CSR,1. Hero Cosmetics (Acne solutions) 2. Starface (Zodiac-themed polls) 3. Bubble (Meme culture),We tie engagement to product development (unlike Starface) while keeping it category-inclusive (unlike Hero's niche)
Day 25,Promotional,20%,"Subscription Benefits
Our GreenGlow Members save 15% on every order, receive exclusive minis, AND get first access to launches. But the real perk? Knowing exactly when to reorder so you never run out of favorites. Over 60% of members say this convenience transformed their consistency (and results!). Try it risk-free for 30 days. #SmartSkincare #SubscriptionPerks",#SmartSaving,Subscription box unboxing,Retention,1. Tatcha (Luxury subscriptions) 2. First Aid Beauty (Value sets) 3. Laneige (Seasonal exclusives),We bundle sustainability content (unlike Tatcha) with transparent pricing (unlike Laneige's limited editions)
Day 26,Educational,20%,"Sensitive Skin Guide
If you have reactive skin, patch testing new products is crucial. Apply a dime-sized amount behind your ear for 3 nights before full-face use. This simple step could prevent irritation flares. Our sensitive skin line was developed with dermatologists specifically to minimize reactions - but we still recommend testing! #SkinSafety #GentleSkincare",#SkinSafety,Step-by-step guide,Education,1. La Roche-Posay (Medical guides) 2. Kiehl's (Heritage stories) 3. Vichy (Age-focused tips),We make sensitive skin advice Instagram-first (unlike LRP's PDFs) with inclusive age messaging (unlike Vichy's 35+ focus)
Day 27,User-Gen,20%,"Lifestyle Feature
""Working from home transformed my skincare routine,"" shares digital marketer @RemoteWorker. ""Without commute stress, I finally have time for GreenGlow's 3-minute facial massage technique."" Swipe for her simple WFH glow-up ritual using just 4 products. How has your routine evolved? #WFHGlow #SkincareSimplified",#WFHBeauty,Home office setup photo,Relatability,1. Glossier (Vibe-focused UGC) 2. Rhode (Celebrity reposts) 3. Dieux (Skincare nerds),We highlight real routines (unlike Rhode) with science-backed captions (unlike Glossier's aesthetic-only approach)
Day 28,Behind-Scenes,15%,"Packaging Innovation
We're proud to announce our new seed paper labels - plant them after use to grow wildflowers! This change required 18 months of testing to ensure durability meets sustainability. It's one more step toward our zero-waste goal. Small details make big differences. #PackagingWithPurpose #EcoInnovation",#Innovation,Before/after packaging,Innovation,1. Lush (Handmade drama) 2. Biossance (Corporate labs) 3. Drunk Elephant (Polished founder stories),We show gritty sustainability challenges (unlike DE) with relatable small-team energy (unlike Biossance)
Day 29,Industry News,15%,"Media Feature
The April issue of Vogue declares: ""Climate-conscious beauty isn't a trend - it's the new standard."" We're honored to be featured alongside other brands reshaping industry norms. This recognition validates our belief that consumers want both luxury and responsibility. The future of beauty is green. #VogueFeatured #SustainableLuxury",#MediaMention,Magazine cover mockup,Prestige,1. Beautycounter (Policy deep dives) 2. Cocokind (Price transparency) 3. Versed (Ingredient trends),We react within 24hrs (unlike Beautycounter's weekly reports) with product-specific takes (unlike Versed's broad trends)
Day 30,Engagement,10%,"Month Reflection
30 days, 30 ways to glow sustainably! What was your favorite GreenGlow moment this month? The reformulated SPF launch? Our ingredient farm tour? The skincare myth-busting guide? Comment below - your feedback helps shape what we create next. Grateful for this amazing community! #MonthInReview #GlowTogether",#MonthInReview,Month highlight collage,Community,1. Starface (Meme culture) 2. Hero Cosmetics (Acne struggles) 3. Bubble (Gen-Z slang),We balance fun/education (unlike Starface) while avoiding niche jargon (unlike Bubble)